{
    "position0": [
        0.011556998826563358,
        0.08252941071987152,
        0.29028090834617615
    ],
    "rotation0": [
        0.5235988425463365,
        -1.0829264341906613,
        0.041329538697606555
    ],
    "position1": [
        0.014834944158792496,
        0.0802963450551033,
        0.29984402656555176
    ],
    "rotation1": [
        1.8325959256999953,
        -1.387967629160758,
        -1.658333798816691
    ],
    "position2": [
        0.012566827237606049,
        0.07532582432031631,
        0.29937392473220825
    ],
    "rotation2": [
        0.785398161933387,
        -1.4891239874730402,
        -3.141592595950384
    ],
    "position3": [
        0.05683160945773125,
        0.09296905249357224,
        0.2913055121898651
    ],
    "rotation3": [
        2.6179940441168257,
        -1.1432841086528196,
        -2.9251881135994444
    ],
    "position4": [
        0.05538363382220268,
        0.0832105204463005,
        0.2939999997615814
    ],
    "rotation4": [
        0.0,
        -1.4891239773673897,
        3.141592653589793
    ],
    "position5": [
        0.08464421331882477,
        0.08506868779659271,
        0.2930000126361847
    ],
    "rotation5": [
        8.910903126491121e-10,
        -0.68155322470267,
        3.0905064662307606
    ],
    "position6": [
        0.10009559243917465,
        0.03539071977138519,
        0.3269999921321869
    ],
    "rotation6": [
        4.3202997512814534e-08,
        -1.2753307009340913,
        1.3081838343412402
    ],
    "position7": [
        -0.022537481039762497,
        0.06437129527330399,
        0.29600000381469727
    ],
    "rotation7": [
        -3.325442532453593e-09,
        -0.6065058340631072,
        0.3403933155316737
    ],
    "position8": [
        -0.015054511837661266,
        0.07667294889688492,
        0.29270777106285095
    ],
    "rotation8": [
        2.3561944497323513,
        -1.0688892145093112,
        -2.3586336714305256
    ],
    "position9": [
        0.0028150039725005627,
        0.07776913791894913,
        0.293382465839386
    ],
    "rotation9": [
        2.8797934259503486,
        -1.0688892475945064,
        -2.3586336350359596
    ],
    "position10": [
        0.07620496302843094,
        0.07894158363342285,
        0.29305505752563477
    ],
    "rotation10": [
        1.8325956779383519,
        -1.4292568413387523,
        0.7416296684755055
    ],
    "position11": [
        0.08500764518976212,
        0.07344736903905869,
        0.2949615716934204
    ],
    "rotation11": [
        2.8797934659805864,
        -1.4891239901041446,
        3.141592606193971
    ],
    "position12": [
        0.02779574878513813,
        0.0845019668340683,
        0.28999999165534973
    ],
    "rotation12": [
        1.3867713644089008e-09,
        -0.9672593918630856,
        -2.7087835557495126
    ],
    "position13": [
        0.11362528800964355,
        0.034961897879838943,
        0.3269999921321869
    ],
    "rotation13": [
        -9.222940189346218e-09,
        -1.354349405974906,
        2.2248882829069934
    ],
    "position14": [
        -0.02387065812945366,
        0.06642762571573257,
        0.2968218922615051
    ],
    "rotation14": [
        2.879793409973451,
        -0.606505842243436,
        0.3403933308499101
    ],
    "position15": [
        0.08332587033510208,
        0.07787135243415833,
        0.29341480135917664
    ],
    "rotation15": [
        2.356194491656406,
        -1.4891239874730402,
        3.141592595950384
    ],
    "position16": [
        0.09645690023899078,
        0.04037947580218315,
        0.3082846701145172
    ],
    "rotation16": [
        1.5707963705062804,
        -1.48912397736739,
        -3.1415926535897896
    ],
    "position17": [
        0.11153244227170944,
        0.03797877952456474,
        0.3262762427330017
    ],
    "rotation17": [
        2.879793410878971,
        -0.3012002887504803,
        2.472865858808154
    ],
    "position18": [
        0.11303715407848358,
        0.039520397782325745,
        0.3269999921321869
    ],
    "rotation18": [
        -2.3969313200922215e-09,
        -0.3012002876774078,
        2.4728658412129922
    ],
    "position19": [
        0.0936763808131218,
        0.07674743235111237,
        0.2939557433128357
    ],
    "rotation19": [
        2.8797934057610344,
        -0.5120897591206441,
        2.956761108832239
    ]
}