{
    "position0": [
        0.22293829917907715,
        -0.15408548712730408,
        0.30945178866386414
    ],
    "rotation0": [
        1.5707963811966397,
        -0.991168708792802,
        2.091142913209018
    ],
    "position1": [
        0.2696567475795746,
        -0.08499494940042496,
        0.3096282184123993
    ],
    "rotation1": [
        1.5707963617549823,
        -0.6815532261572632,
        3.0905064783293588
    ],
    "position2": [
        -0.21945765614509583,
        -0.15711776912212372,
        0.3050000071525574
    ],
    "rotation2": [
        -6.844633748670503e-10,
        -0.6310588513662496,
        1.2570976974651393
    ],
    "position3": [
        0.030289500951766968,
        -0.13650444149971008,
        0.3026871681213379
    ],
    "rotation3": [
        1.3089969838526616,
        -1.1766723849898038,
        1.874738402100562
    ],
    "position4": [
        0.21446314454078674,
        -0.14339464902877808,
        0.2999075949192047
    ],
    "rotation4": [
        1.0471976132208818,
        -0.7707405236429811,
        1.957397530509256
    ],
    "position5": [
        0.26912766695022583,
        -0.14761047065258026,
        0.3070000112056732
    ],
    "rotation5": [
        2.4848885171735446e-09,
        -0.9911687276322916,
        2.0911429173849685
    ],
    "position6": [
        0.2553572654724121,
        -0.14106982946395874,
        0.3067740201950073
    ],
    "rotation6": [
        2.8797934623020702,
        -1.0973452161092052,
        2.441292830603157
    ],
    "position7": [
        0.12044255435466766,
        -0.12622301280498505,
        0.303559273481369
    ],
    "rotation7": [
        1.3089969838526616,
        -1.1766723849898038,
        1.874738402100562
    ],
    "position8": [
        0.054350487887859344,
        -0.1354992389678955,
        0.30630502104759216
    ],
    "rotation8": [
        1.3089970256031482,
        -1.0973451959412999,
        2.44129285639555
    ],
    "position9": [
        0.20441216230392456,
        -0.14583441615104675,
        0.3049947917461395
    ],
    "rotation9": [
        1.8325959403961336,
        -0.8183219320416248,
        1.3908430702542167
    ],
    "position10": [
        -0.2270834743976593,
        -0.15424029529094696,
        0.30447468161582947
    ],
    "rotation10": [
        2.8797934186090743,
        -0.6310588378182613,
        1.2570976775836091
    ],
    "position11": [
        0.1615937352180481,
        -0.12579527497291565,
        0.30789488554000854
    ],
    "rotation11": [
        1.3089970143902008,
        -0.991168703085671,
        2.091142962657335
    ],
    "position12": [
        -0.20160584151744843,
        -0.1357720047235489,
        0.30242061614990234
    ],
    "rotation12": [
        2.879793473096852,
        -1.0552023504175896,
        1.5245883842685637
    ],
    "position13": [
        0.07031732052564621,
        -0.1286218911409378,
        0.30460068583488464
    ],
    "rotation13": [
        1.3089969838526616,
        -1.1766723849898038,
        1.874738402100562
    ],
    "position14": [
        0.09402807056903839,
        -0.15665678679943085,
        0.29969608783721924
    ],
    "rotation14": [
        1.570796376858104,
        -0.7707405216151367,
        1.9573975200622895
    ],
    "position15": [
        0.10198184847831726,
        -0.13554970920085907,
        0.3069596588611603
    ],
    "rotation15": [
        1.3089970148630536,
        -0.8183219307717782,
        1.390843102145968
    ],
    "position16": [
        0.06998749077320099,
        -0.14609627425670624,
        0.2992236018180847
    ],
    "rotation16": [
        0.7853982208802162,
        -0.614642702942542,
        2.7403565589272136
    ],
    "position17": [
        -0.21246571838855743,
        -0.07695207744836807,
        0.29799580574035645
    ],
    "rotation17": [
        1.0471976155511333,
        -1.1274781173766124,
        0.9580340672220182
    ],
    "position18": [
        0.28679946064949036,
        -0.13046903908252716,
        0.29916778206825256
    ],
    "rotation18": [
        1.5707963015463573,
        -0.9328715354722578,
        2.657697334177911
    ],
    "position19": [
        -0.09561840444803238,
        -0.12592971324920654,
        0.30044376850128174
    ],
    "rotation19": [
        1.3089970143902008,
        -0.991168703085671,
        2.091142962657335
    ]
}