{
    "position0": [
        -0.009634822607040405,
        0.10590338706970215,
        0.41200000047683716
    ],
    "rotation0": [
        0.0,
        -1.4891239773673897,
        3.141592653589793
    ],
    "position1": [
        -0.02486150898039341,
        0.10401062667369843,
        0.40400001406669617
    ],
    "rotation1": [
        1.8900375362007615e-10,
        -1.0829264059032357,
        0.0413295933127962
    ],
    "position2": [
        -0.06608135253190994,
        0.10714376717805862,
        0.41100001335144043
    ],
    "rotation2": [
        -7.648266187043617e-10,
        -0.8380398183547662,
        -0.09241577519793502
    ],
    "position3": [
        -0.013614957220852375,
        0.1042049303650856,
        0.41177046298980713
    ],
    "rotation3": [
        1.5707964268002632,
        -1.3879676142254178,
        -1.658333866599854
    ],
    "position4": [
        0.0063562532886862755,
        0.1073828935623169,
        0.41499999165534973
    ],
    "rotation4": [
        7.654987754790454e-10,
        -0.8788411313799479,
        -3.0589334667030608
    ],
    "position5": [
        -0.024396119639277458,
        0.10424040257930756,
        0.4050000011920929
    ],
    "rotation5": [
        7.654987754790454e-10,
        -0.8788411313799479,
        -3.0589334667030608
    ],
    "position6": [
        -0.06822067499160767,
        0.1088961809873581,
        0.4130624830722809
    ],
    "rotation6": [
        2.8797934091392423,
        -0.8380398487839821,
        -0.09241578009571105
    ],
    "position7": [
        -0.024178747087717056,
        0.10202496498823166,
        0.40368154644966125
    ],
    "rotation7": [
        2.8797934091220183,
        -1.0829264181798017,
        0.04132960806836761
    ],
    "position8": [
        -0.04451834782958031,
        0.10261902213096619,
        0.4099999964237213
    ],
    "rotation8": [
        0.0,
        -1.4891239773673897,
        3.141592653589793
    ],
    "position9": [
        -0.030105574056506157,
        0.10443131625652313,
        0.4039994478225708
    ],
    "rotation9": [
        2.8797934239220178,
        -0.8788411283255351,
        -3.0589334647531654
    ],
    "position10": [
        -0.04617955535650253,
        0.10409481078386307,
        0.4103040397167206
    ],
    "rotation10": [
        2.8797934659805864,
        -1.4891239901041446,
        3.141592606193971
    ],
    "position11": [
        0.00272976397536695,
        0.10303151607513428,
        0.415172278881073
    ],
    "rotation11": [
        2.8797934239220178,
        -0.8788411283255351,
        -3.0589334647531654
    ],
    "position12": [
        0.029118595644831657,
        0.10758950561285019,
        0.41832876205444336
    ],
    "rotation12": [
        2.6179940420618584,
        -1.2129880735506124,
        0.3914794837649085
    ],
    "position13": [
        0.0555339939892292,
        0.11340910196304321,
        0.421999990940094
    ],
    "rotation13": [
        -4.876497428085713e-09,
        -1.143284074997189,
        -2.925188104710424
    ],
    "position14": [
        0.034914761781692505,
        0.10805971175432205,
        0.4194827079772949
    ],
    "rotation14": [
        0.2617993793627594,
        -1.3252308349803736,
        -0.1750749576946924
    ],
    "position15": [
        0.05246016010642052,
        0.1121065616607666,
        0.42451047897338867
    ],
    "rotation15": [
        2.8797933726134612,
        -1.2991607063224004,
        -2.5750381873324226
    ],
    "position16": [
        0.04769238829612732,
        0.11200959235429764,
        0.4208769202232361
    ],
    "rotation16": [
        1.5707963072455353,
        -1.3543493914908296,
        2.224888346454136
    ],
    "position17": [
        -0.0910249575972557,
        0.09927643835544586,
        0.4204707741737366
    ],
    "rotation17": [
        0.26179938444457623,
        -0.29422682557965496,
        0.07290259437151793
    ],
    "position18": [
        -0.06735875457525253,
        0.10328253358602524,
        0.414000004529953
    ],
    "rotation18": [
        -8.315018618088033e-09,
        -1.1596584851606997,
        -0.5252248984203358
    ],
    "position19": [
        0.03666466102004051,
        0.11397761106491089,
        0.4180000126361847
    ],
    "rotation19": [
        1.1116748188655379e-07,
        -1.4292568588395533,
        0.7416293450425803
    ]
}