{
    "position0": [
        0.11763963103294373,
        0.05448454990983009,
        0.3659999966621399
    ],
    "rotation0": [
        -3.56144117530377e-08,
        -1.176672410977147,
        1.874738401244909
    ],
    "position1": [
        -0.32332178950309753,
        0.3018159866333008,
        0.6209999918937683
    ],
    "rotation1": [
        -1.6665668844950687e-10,
        -0.08343008966219068,
        1.072266148703243
    ],
    "position2": [
        -0.28390780091285706,
        0.3205394446849823,
        0.6439999938011169
    ],
    "rotation2": [
        7.415577041314236e-10,
        -0.4518900901179883,
        2.606611189525509
    ],
    "position3": [
        0.11458352208137512,
        0.07530609518289566,
        0.3630000054836273
    ],
    "rotation3": [
        7.103034249666962e-08,
        -1.3879676367273137,
        -1.6583338585187386
    ],
    "position4": [
        0.10494165867567062,
        0.06159420311450958,
        0.3659999966621399
    ],
    "rotation4": [
        -4.80301540206618e-09,
        -1.212988056345575,
        0.3914794823893122
    ],
    "position5": [
        0.1205483078956604,
        0.06429028511047363,
        0.36399999260902405
    ],
    "rotation5": [
        0.0,
        -1.4891239773673897,
        3.141592653589793
    ],
    "position6": [
        -0.30304259061813354,
        0.30821776390075684,
        0.6679999828338623
    ],
    "rotation6": [
        2.3672825699705413e-08,
        0.681553210721094,
        1.8867981891927543
    ],
    "position7": [
        0.10383405536413193,
        0.07907465845346451,
        0.367000013589859
    ],
    "rotation7": [
        -1.1949788158993613e-08,
        -1.041838278605189,
        -0.8753747387738456
    ],
    "position8": [
        -0.312197744846344,
        0.30546313524246216,
        0.6579999923706055
    ],
    "rotation8": [
        3.153103556030601e-09,
        0.3790090261298511,
        1.2375845057442503
    ],
    "position9": [
        0.11136331409215927,
        0.0563453733921051,
        0.36500000953674316
    ],
    "rotation9": [
        4.3202997512814534e-08,
        -1.2753307009340913,
        1.3081838343412402
    ],
    "position10": [
        0.1056283488869667,
        0.06566090881824493,
        0.36399999260902405
    ],
    "rotation10": [
        -8.854603494867774e-09,
        -1.325230838815254,
        -0.17507495227728773
    ],
    "position11": [
        0.13333210349082947,
        0.05464395880699158,
        0.36899998784065247
    ],
    "rotation11": [
        -7.008654989704155e-09,
        -0.9328715440709633,
        2.657697344540084
    ],
    "position12": [
        0.1103278174996376,
        0.08016949146986008,
        0.36505940556526184
    ],
    "rotation12": [
        2.3561944494193203,
        -1.041838291263209,
        -0.8753747560906949
    ],
    "position13": [
        0.11584791541099548,
        0.055117424577474594,
        0.36552584171295166
    ],
    "rotation13": [
        2.879793432496572,
        -1.1766724046867743,
        1.8747383536474402
    ],
    "position14": [
        -0.2821381986141205,
        0.3238126039505005,
        0.5730000138282776
    ],
    "rotation14": [
        -2.091455453268054e-09,
        -0.6146426938963323,
        2.7403565569917117
    ],
    "position15": [
        -0.3071134090423584,
        0.31388381123542786,
        0.7289999723434448
    ],
    "rotation15": [
        5.4563904505755545e-09,
        0.17759880635251357,
        1.7214798034829084
    ],
    "position16": [
        -0.31297171115875244,
        0.3034512996673584,
        0.5669999718666077
    ],
    "rotation16": [
        -2.9106874688267226e-09,
        -0.3718432745174054,
        1.3397568939640299
    ],
    "position17": [
        -0.28199321031570435,
        0.3259021043777466,
        0.609000027179718
    ],
    "rotation17": [
        -2.091455453268054e-09,
        -0.6146426938963323,
        2.7403565569917117
    ],
    "position18": [
        0.11255612969398499,
        0.09129433333873749,
        0.3700000047683716
    ],
    "rotation18": [
        -6.935962915122218e-10,
        -0.8581995387287118,
        -1.5756746173535499
    ],
    "position19": [
        0.1160917803645134,
        0.06574954837560654,
        0.36305415630340576
    ],
    "rotation19": [
        2.356194491656406,
        -1.4891239874730402,
        3.141592595950384
    ]
}