{
    "position0": [
        0.008622176945209503,
        0.06678849458694458,
        0.24806572496891022
    ],
    "rotation0": [
        0.785398161933387,
        -1.4891239874730402,
        -3.141592595950384
    ],
    "position1": [
        0.02241218090057373,
        0.07147040218114853,
        0.24400000274181366
    ],
    "rotation1": [
        1.3867713644089008e-09,
        -0.9672593918630856,
        -2.7087835557495126
    ],
    "position2": [
        -0.048482704907655716,
        0.01657957211136818,
        0.24899999797344208
    ],
    "rotation2": [
        2.66109412283555e-10,
        -0.5664817382284628,
        0.9069477482637605
    ],
    "position3": [
        -0.049120042473077774,
        0.01748896762728691,
        0.24849125742912292
    ],
    "rotation3": [
        2.8797934297109395,
        -0.5664817368521418,
        0.906947744805663
    ],
    "position4": [
        0.016802385449409485,
        0.07175403833389282,
        0.24472816288471222
    ],
    "rotation4": [
        2.8797933726134612,
        -1.2991607063224004,
        -2.5750381873324226
    ],
    "position5": [
        -0.05533406138420105,
        0.020936517044901848,
        0.25
    ],
    "rotation5": [
        -4.120198210388892e-09,
        -0.35046367499745146,
        0.42305250489671953
    ],
    "position6": [
        -0.03278328850865364,
        0.03684135898947716,
        0.24400000274181366
    ],
    "rotation6": [
        -2.6711621803343633e-09,
        -1.0688892416730282,
        -2.358633656159552
    ],
    "position7": [
        0.021485986188054085,
        0.07284326106309891,
        0.23931749165058136
    ],
    "rotation7": [
        0.5235988425463365,
        -1.0829264341906613,
        0.041329538697606555
    ],
    "position8": [
        -0.054153915494680405,
        0.023113444447517395,
        0.24955588579177856
    ],
    "rotation8": [
        2.8797934212763376,
        -0.3504636778528638,
        0.42305250028284536
    ],
    "position9": [
        -0.012610948644578457,
        0.04980691522359848,
        0.24975739419460297
    ],
    "rotation9": [
        1.8325959256999953,
        -1.387967629160758,
        -1.658333798816691
    ],
    "position10": [
        -0.055331505835056305,
        0.01492656022310257,
        0.2518119215965271
    ],
    "rotation10": [
        0.5235987702048898,
        -0.3504636709876443,
        0.4230524969593098
    ],
    "position11": [
        -0.03896627575159073,
        0.02995663322508335,
        0.25200000405311584
    ],
    "rotation11": [
        1.1116748188655379e-07,
        -1.4292568588395533,
        0.7416293450425803
    ],
    "position12": [
        0.08942361921072006,
        0.05777239426970482,
        0.2558830976486206
    ],
    "rotation12": [
        2.617994064591294,
        -0.12364816701509485,
        2.9056749180323096
    ],
    "position13": [
        -0.03750856593251228,
        0.03423120826482773,
        0.2433376908302307
    ],
    "rotation13": [
        2.617994072043131,
        -1.0034561231383343,
        -1.7920791759185262
    ],
    "position14": [
        -0.014791136607527733,
        0.055261753499507904,
        0.2399916648864746
    ],
    "rotation14": [
        2.879793409375357,
        -0.9108090174698149,
        -2.14222903645667
    ],
    "position15": [
        -0.05231755971908569,
        0.004043957218527794,
        0.2524840831756592
    ],
    "rotation15": [
        0.7853982411559954,
        -0.17082968105813023,
        0.8558615635464419
    ],
    "position16": [
        -0.010865069925785065,
        0.06255972385406494,
        0.23999999463558197
    ],
    "rotation16": [
        1.50862051739864e-08,
        -0.9108090196976706,
        -2.1422290566809385
    ],
    "position17": [
        0.06957053393125534,
        0.07543804496526718,
        0.247321218252182
    ],
    "rotation17": [
        2.3561944478442154,
        -0.3222132234009878,
        -2.8936151218588986
    ],
    "position18": [
        0.0886426717042923,
        0.04805173724889755,
        0.2640377879142761
    ],
    "rotation18": [
        2.3561944491679117,
        -1.1432840625843979,
        -2.9251881381302165
    ],
    "position19": [
        0.012646443210542202,
        0.07223159074783325,
        0.23979535698890686
    ],
    "rotation19": [
        2.8797934153823133,
        -0.7075843907237184,
        -2.2759744556557737
    ]
}