{
    "host": "127.0.0.1",
    "port": 60123,
    "speed": 250.0,
    "acc": 50.0,
    "mvtime": 0.0,
    "weight": 3.5,
    "center": [0.0, 0.0, 220.0],
    "g_max": 750,
    "init_p": [4.7263184e+02, 1.7436296e-01, 5.3811487e+02, 3.1404614e+00, 2.5776101e-02, 1.5864348e+00]
}