{
    "host": "192.168.202.243",
    "port": 4244,
    "speed": 200.0,
    "acc": 50.0,
    "mvtime": 0.0,
    "weight": 4.0,
    "center": [0.0, 0.0, 220.0],
    "g_max": 750,
    "init_p": [4.7263184e+02, 1.7436296e-01, 5.3811487e+02, 3.1404614e+00, 2.5776101e-02, 1.5864348e+00]
}