{
    "position0": [
        0.1967141479253769,
        0.24794797599315643,
        0.4151981770992279
    ],
    "rotation0": [
        1.5707963708438484,
        -1.2532358899185423,
        -1.0917793701852558
    ],
    "position1": [
        0.16571533679962158,
        0.23942235112190247,
        0.4156644940376282
    ],
    "rotation1": [
        1.5707963708438484,
        -1.2532358899185423,
        -1.0917793701852558
    ],
    "position2": [
        0.058436162769794464,
        0.2281205803155899,
        0.3847370147705078
    ],
    "rotation2": [
        2.0943951805566776,
        -1.1944128390831386,
        -2.0084837526558648
    ],
    "position3": [
        0.0889371708035469,
        0.2237613946199417,
        0.38899895548820496
    ],
    "rotation3": [
        2.8797934659805864,
        -1.4891239901041446,
        3.141592606193971
    ],
    "position4": [
        0.08894992619752884,
        0.22164228558540344,
        0.3889999985694885
    ],
    "rotation4": [
        0.0,
        -1.4891239773673897,
        3.141592653589793
    ],
    "position5": [
        0.12623758614063263,
        0.20623435080051422,
        0.3952177166938782
    ],
    "rotation5": [
        1.0471974677623854,
        -1.3879676095660145,
        -1.658333684708035
    ],
    "position6": [
        0.19003772735595703,
        0.25006580352783203,
        0.41598647832870483
    ],
    "rotation6": [
        1.5707963111863683,
        -1.2991607026474554,
        -2.575038166887968
    ],
    "position7": [
        0.029868999496102333,
        0.2196495532989502,
        0.3895256817340851
    ],
    "rotation7": [
        2.3561944073173935,
        -1.1944128604472986,
        -2.008483679129956
    ],
    "position8": [
        -0.0197460874915123,
        0.1689864844083786,
        0.39026451110839844
    ],
    "rotation8": [
        2.0943949849506502,
        -1.2532359059577511,
        -1.0917791906966787
    ],
    "position9": [
        -0.10340393334627151,
        -0.059038739651441574,
        0.41774460673332214
    ],
    "rotation9": [
        1.3089969854136583,
        -1.2129880683902732,
        0.3914794440109181
    ],
    "position10": [
        0.06564535945653915,
        0.20563124120235443,
        0.40803882479667664
    ],
    "rotation10": [
        2.0943951582033726,
        -1.0688892423359957,
        -2.3586336379588193
    ],
    "position11": [
        0.08514494448900223,
        0.21472479403018951,
        0.40478187799453735
    ],
    "rotation11": [
        1.3089969830143637,
        -1.2532358841662943,
        -1.0917793088089174
    ],
    "position12": [
        0.09751921147108078,
        0.21493582427501678,
        0.3988475799560547
    ],
    "rotation12": [
        0.7853981603551348,
        -1.3879676263772742,
        -1.6583337542987233
    ],
    "position13": [
        0.14971856772899628,
        0.17365075647830963,
        0.3990209400653839
    ],
    "rotation13": [
        0.5235988789624347,
        -1.112181703823651,
        -1.4419293194560274
    ],
    "position14": [
        -0.3247361481189728,
        0.2682386338710785,
        0.4585307836532593
    ],
    "rotation14": [
        1.5707963352609635,
        -1.0418382924094116,
        -0.8753747289879872
    ],
    "position15": [
        -0.016490725800395012,
        0.17032696306705475,
        0.39540335536003113
    ],
    "rotation15": [
        1.3089970253637662,
        -1.0829264143361121,
        0.041329598477619856
    ],
    "position16": [
        0.16492904722690582,
        0.12925021350383759,
        0.38976478576660156
    ],
    "rotation16": [
        0.523598803773305,
        -0.598414667104777,
        -2.0595699250581436
    ],
    "position17": [
        -0.1301119327545166,
        0.025177164003252983,
        0.4238905906677246
    ],
    "rotation17": [
        1.5707963741763815,
        -0.3861952950914449,
        -0.1435019767196155
    ],
    "position18": [
        0.3011038303375244,
        -0.07436563074588776,
        0.42275282740592957
    ],
    "rotation18": [
        1.570796328632004,
        -0.415156700602036,
        -3.1100196473008603
    ],
    "position19": [
        0.055528830736875534,
        0.2055809050798416,
        0.40801718831062317
    ],
    "rotation19": [
        2.3561944073173935,
        -1.1944128604472986,
        -2.008483679129956
    ]
}