{
    "position0": [
        0.05385475978255272,
        0.006983984261751175,
        0.353244811296463
    ],
    "rotation0": [
        0.7853982201437968,
        -1.3252308228747873,
        -0.17507497168586134
    ],
    "position1": [
        0.05376535281538963,
        0.01321693416684866,
        0.3540952801704407
    ],
    "rotation1": [
        0.7853982953545064,
        -1.2532358846040654,
        -1.091779439918776
    ],
    "position2": [
        0.065571129322052,
        0.008129262365400791,
        0.35199999809265137
    ],
    "rotation2": [
        0.0,
        -1.4891239773673897,
        3.141592653589793
    ],
    "position3": [
        0.06208498775959015,
        0.007013517431914806,
        0.3517146408557892
    ],
    "rotation3": [
        2.356194491656406,
        -1.4891239874730402,
        3.141592595950384
    ],
    "position4": [
        0.06493601948022842,
        0.011148552410304546,
        0.3519480228424072
    ],
    "rotation4": [
        0.785398161933387,
        -1.4891239874730402,
        -3.141592595950384
    ],
    "position5": [
        0.057012151926755905,
        0.005252906121313572,
        0.35283154249191284
    ],
    "rotation5": [
        0.785398305958465,
        -1.429256875005069,
        0.7416293610543196
    ],
    "position6": [
        0.07029392570257187,
        0.01043544802814722,
        0.3533521592617035
    ],
    "rotation6": [
        2.6179941094858554,
        -1.2991606805960363,
        -2.575038275676592
    ],
    "position7": [
        0.039676833897829056,
        0.02352205291390419,
        0.36399999260902405
    ],
    "rotation7": [
        1.6321914264594284e-08,
        -0.8893566905879119,
        -0.6589702648540529
    ],
    "position8": [
        0.06551787257194519,
        -0.003311811713501811,
        0.3540000021457672
    ],
    "rotation8": [
        -9.222940189346218e-09,
        -1.354349405974906,
        2.2248882829069934
    ],
    "position9": [
        0.04150306060910225,
        0.006887639407068491,
        0.35899999737739563
    ],
    "rotation9": [
        1.8900375362007615e-10,
        -1.0829264059032357,
        0.0413295933127962
    ],
    "position10": [
        0.05963535234332085,
        0.015654532238841057,
        0.3529999852180481
    ],
    "rotation10": [
        7.103034249666962e-08,
        -1.3879676367273137,
        -1.6583338585187386
    ],
    "position11": [
        0.06819535046815872,
        0.01834234595298767,
        0.35467448830604553
    ],
    "rotation11": [
        2.879793336656663,
        -1.1944128223379806,
        -2.0084836583074193
    ],
    "position12": [
        0.05600709840655327,
        0.036644600331783295,
        0.36500000953674316
    ],
    "rotation12": [
        -6.935962915122218e-10,
        -0.8581995387287118,
        -1.5756746173535499
    ],
    "position13": [
        0.08186575770378113,
        -0.007740866858512163,
        0.36000001430511475
    ],
    "rotation13": [
        -7.008654989704155e-09,
        -0.9328715440709633,
        2.657697344540084
    ],
    "position14": [
        0.05921916291117668,
        0.024867018684744835,
        0.3565548360347748
    ],
    "rotation14": [
        2.87979341335733,
        -1.1121817261480222,
        -1.441929244040711
    ],
    "position15": [
        0.08192644268274307,
        0.01745021343231201,
        0.36000001430511475
    ],
    "rotation15": [
        1.3867713644089008e-09,
        -0.9672593918630856,
        -2.7087835557495126
    ],
    "position16": [
        0.04191632941365242,
        0.018606625497341156,
        0.3614833354949951
    ],
    "rotation16": [
        2.8797934584544516,
        -0.9791076916343557,
        -0.30882037205731483
    ],
    "position17": [
        0.07223550975322723,
        0.02942509390413761,
        0.3630000054836273
    ],
    "rotation17": [
        1.50862051739864e-08,
        -0.9108090196976706,
        -2.1422290566809385
    ],
    "position18": [
        0.08234894275665283,
        -0.0020194505341351032,
        0.35792800784111023
    ],
    "rotation18": [
        2.879793430483975,
        -1.0287730686541787,
        3.007847274971641
    ],
    "position19": [
        0.048276275396347046,
        0.03293026238679886,
        0.36534443497657776
    ],
    "rotation19": [
        2.8797934139886516,
        -0.8086176317258723,
        -1.0091201767467075
    ]
}