{
    "robot_ip": "192.168.1.231",
    "mode": true,

    "mass": 1.5738086700439453,
    "gravity": [-0.13199445605278015, 5.315857410430908, 82.37713623046875],
    
    "coord": 1,
    "c_axis": [1, 1, 1, 0, 0, 0],
    "ref": [0.0, 0.0, -2.0, 0.0, 0.0, 0.0 ],
    "limits": [0.0, 0.0, 0.0, 0.0, 0.0, 0.0],

    "kp": [0.005, 0.005, 0.005, 0.00002, 0.00002, 0.00002],
    "ki": [0.0006, 0.0006, 0.0006, 0.000006, 0.000006, 0.000006],
    "kd": [0.01, 0.01, 0.01, 0.01, 0.01, 0.01],
    "xe_limit": [20.0, 20.0, 20.0, 2.0, 2.0, 2.0],

    "M": [0.05, 0.05, 0.05, 0.0006, 0.0006, 0.0006],
    "K": [10.0, 10.0, 10.0, 1.0, 1.0, 1.0],
    "B": [0.0, 0.0, 0.0, 0.0, 0.0, 0.0]
}