{
    "mode": true,
    "offset": false,
    "coord": 1,
    "c_axis": [1, 1, 1, 0, 0, 0],
    "ref": [0.0, 0.0, 1.0, 0.0, 0.0, 0.0 ],
    "limits": [0.0, 0.0, 0.0, 0.0, 0.0, 0.0],

    "kp": [0.005, 0.005, 0.005, 0.005, 0.005, 0.005],
    "ki": [0.00006, 0.00006, 0.00006, 0.00006, 0.00006, 0.00006],
    "kd": [0.0, 0.0, 0.0, 0.0, 0.0, 0.0],
    "xe_limit": [100.0, 100.0, 100.0, 100.0, 100.0, 100.0],

    "M": [0.05, 0.05, 0.05, 0.0006, 0.0006, 0.0006],
    "K": [500.0, 500.0, 500.0, 4.0, 4.0, 4.0],
    "B": [0.0, 0.0, 0.0, 0.0, 0.0, 0.0]
}