{
    "robot_ip": "192.168.1.231",
    
    "mode": true,
    "force_percent": 20,

    "mass": 1.599183201789856,
    "gravity": [-2.6204752922058105, 10.333320617675781, 81.80802917480469],
    
    "coord": 1,
    "c_axis": [1, 1, 1, 0, 0, 0],
    "ref": [0.0, 0.0, -5.0, 0.0, 0.0, 0.0 ],
    "limits": [0.0, 0.0, 0.0, 0.0, 0.0, 0.0],

    "kp": [0.005, 0.005, 0.005, 0.00002, 0.00002, 0.00002],
    "ki": [0.0006, 0.0006, 0.0006, 0.000006, 0.000006, 0.000006],
    "kd": [0.01, 0.01, 0.01, 0.01, 0.01, 0.01],
    "xe_limit": [20.0, 20.0, 20.0, 2.0, 2.0, 2.0],

    "M": [0.05, 0.05, 0.05, 0.0006, 0.0006, 0.0006],
    "K": [10.0, 10.0, 10.0, 1.0, 1.0, 1.0],
    "B": [0.0, 0.0, 0.0, 0.0, 0.0, 0.0],

    "pc_max_range": 1.0,
    "pc_subsample": 1,
    "pc_update_rate": 1.0,
    "pc_resolution": 0.005
}